{"episodic_return": 2.0, "episodic_length": 914, "_timestamp": 1718634895.592841, "_runtime": 11.86102294921875, "_step": 38}